<?xml version="1.0" encoding="UTF-8"?>
<addon
  id="plugin.video.SportsDevil"
  version="STD.2.Catoal"
  name="SportsDevil"
  provider-name="MaxMustermann">
  <requires>
   <import addon="xbmc.python" version="2.1.0"/>
   <import addon="script.module.simplejson" />
   <import addon="script.module.six" />
   <import addon="script.module.requests" />
   <import addon="script.module.livestreamer" />
   <import addon="script.module.pydevd" version="4.4.0" optional="true"/>
  </requires>
  <extension 
    point="xbmc.python.pluginsource"
    library="default.py">
   <provides>video</provides>
  </extension>  <extension point="xbmc.addon.metadata">
    <summary>Play videos of different sports streaming sites</summary>
    <description>Play videos of different Channels streaming sites Updated 07/05/2016 (from HUBBA3´s Version 03/05/2016)... +Info in Change Log</description>
    <platform>all</platform>
  </extension>
</addon>