
<?xml version="1.0" encoding="UTF-8" standalone="yes"?>
<addon id="repository.kodi-tecnorulo" name="Tecnorulo official Repo" version="0.0.1" provider-name="Tecnorulo">
	<extension point="xbmc.addon.repository" name="Tecnorulo official Repo">
		<info compressed="false">https://raw.githubusercontent.com/tecnorulo/reposity-tecnorulo/master/addons.xml</info>
		<checksum>https://raw.githubusercontent.com/tecnorulo/reposity-tecnorulo/master/addons.xml.md5</checksum>
		<datadir zip="true">https://raw.githubusercontent.com/tecnorulo/reposity-tecnorulo/master</datadir>
	</extension>
	<extension point="xbmc.addon.metadata">
		<summary>Tecnorulo official Repo</summary>
   		<description lang="en">Instala los Addons de Tecnorulo.</description>
		<disclaimer></disclaimer>
		<platform>all</platform>
	</extension>
</addon>